article_id,guid,title,description,category,image,image_caption,image_credit,pub_date,tags,author,source,language,image_name,fetching_time
YYvrbeSrmWGNPv0f,https://www.haaretz.co.il/magazine/underthesun/2025-09-19/ty-article/.highlight/00000199-578f-d907-a5db-77ef3afd0000,למעשים של ישראל יש קורבנות. הסיפור הזה הוא לא עלינו,"ישראלים מרבים להתלונן שהעולם אובססיבי לנעשה כאן, ולא מתעניין באופן דומה בסכסוכים אחרים. האמת היא שהישראלים אוהבים את זה",סוף שבוע|תחת השמש,YYvrbeSrmWGNPv0f.jpg,"צילום: חשבונות האינסטגרם וה–X של מירי רגב, Israel Heritage Foundation, ניסים סטיב אללוף, משה בן זקן ו–5 tjt.com; עיבוד והנפשה: מאשה צור גלוזמן",haaretz,2025-09-19T02:11:14+03:00,,עפרי אילני,haaretz,he,878072,2025-09-19T01:25:10.852608+00:00
O1wOAj8N5W9DZlJe,https://www.haaretz.co.il/2025-09-19/ty-article-live/00000199-5ebd-d0dc-afdb-debf68620000,"חדשות היום, 19 בספטמבר","גבר בן 57 נפצע קשה מירי בעוספיא. גבר כבן 50 טבע למוות בכנרת. וטו אמריקאי במועצת הביטחון של האו""ם הפיל הצעה להכריז על הפסקת אש מיידית בעזה",הארץ,O1wOAj8N5W9DZlJe.png,"יצחק הרוש. צילום: דובר צה""ל",haaretz,2025-09-19T00:34:48+03:00,,חדשות היום,haaretz,he,htz-share,2025-09-19T01:25:10.852692+00:00
D_vnClichGC34gWW,https://www.haaretz.co.il/news/politics/war-2023/2025-09-19/ty-article-live/00000199-5ea3-d45d-a3bf-ffe398690000,"עינב צנגאוקר לנתניהו מחוץ לביתו בירושלים: ""איך אתה יכול לישון?""","אחיינו של אברהם מונדר נעצר בירושלים לאחר ששפך מים על שכן שהתעמת עם משפחות חטופים. אביו של מתן אנגרסט ליד בית רה""מ: דורשים ממנו לשחרר את המדינה מהטירוף. שיירת נתניהו הגיעה לביתו בירושלים; עינב צנגאוקר: ""איך אתה יכול לישון הלילה?""",חדשות|ישראל במלחמה – עדכונים,D_vnClichGC34gWW.jpg,"עינב צנגאוקר מחוץ לבית ראש הממשלה בירושלים, הלילה. צילום: נעמה גרינבאום",haaretz,2025-09-19T00:20:43+03:00,,הארץ,haaretz,he,131303,2025-09-19T01:25:10.852727+00:00
vKmsw-UKFAEJGtlW,https://www.haaretz.co.il/opinions/caricatures/2025-09-19/ty-article-opinion/00000199-5ddf-d7ad-a1d9-5dffe18e0000,קריקטורה יומית | 19 בספטמבר 2025,הארץ,דעות|קריקטורה יומית,vKmsw-UKFAEJGtlW.png,איור: ערן וולקובסקי,haaretz,2025-09-19T00:02:29+03:00,,ערן וולקובסקי,haaretz,he,car-19092025,2025-09-19T01:25:10.852759+00:00
AEsp3ixUVhiM5ZpF,https://www.haaretz.co.il/opinions/editorial-articles/2025-09-19/ty-article-opinion/00000199-5d6f-de72-a7fd-7def8a4a0000,הבוננזה של עזה,"תחת הסיסמאות הנבובות הרגילות של ראש הממשלה בנימין נתניהו (""ניצחון מוחלט""), מתחילה להתבהר המטרה האמיתית של המלחמה הנוראה בתולדותינו: נדל""ן. מאות חיילים ורבבות אז",דעות|מאמר מערכת,AEsp3ixUVhiM5ZpF.jpg,"בצלאל סמוטריץ' בכנס התיישבות בחברון, החודש. ראש הממשלה, בנימין נתניהו, טרם הסתייג מתוכנית העיוועים של שר האוצר. צילום: איתי רון",haaretz,2025-09-19T00:02:25+03:00,,מאמר המערכת,haaretz,he,940454-2,2025-09-19T01:25:10.852817+00:00
QN52KKXvIwH2ticG,https://www.haaretz.co.il/sport/world-soccer/2025-09-19/ty-article/00000199-5e73-de72-a7fd-7ef33a4f0000,ליגת האלופות: ברצלונה ניצחה את ניוקאסל; 0:2 למנצ'סטר סיטי על נאפולי,צמד של מרכוס ראשפורד העניק לברצלונה ניצחון 1:2 בחוץ ■ נאפולי הפסידה באיתיחאד אחרי שנותרה בעשרה שחקנים בדקה ה-21 ■ קייראט ועופרי ארד הובסו 4:1 בליסבון על ידי ספורטינג,ספורט|כדורגל בעולם,QN52KKXvIwH2ticG.jpg,"מרכוס ראשפורד וז'ול קונדה חוגגים במדי ברצלונה בניצחון על ניוקאסל, אמש. צילום: Jon Super/אי־פי",haaretz,2025-09-19T00:00:21+03:00,,ספורט הארץ,haaretz,he,133622,2025-09-19T01:25:10.852848+00:00
p_EkJmzG5htcpQW_,https://www.haaretz.co.il/news/politics/2025-09-18/ty-article/.premium/00000199-5e53-d45d-a3bf-ff532d690000,"כמאתיים הפגינו מול בית רה""מ בירושלים למען השבת החטופים: נתניהו בוחר להשאיר אותם בגיהינום","קרוביהם של החטופים הודיעו כי לא יתפנו מהמקום עד שנתניהו יחזיר את החטופים ויעצור את המלחמה. ""אנחנו לא יכולים לשתוק, לא יכולים לעבור עוד חג בסבל"", אמרה בת דודתם של גלי וזיו ברמן",חדשות|מדיני ביטחוני,p_EkJmzG5htcpQW_.jpg,"מימין: סמל אורן הרשקו וסא""ל יצחק הרוש. צילום: דובר צה""ל",haaretz,2025-09-18T23:00:57+03:00,,יעל פרידסון,haaretz,he,131305,2025-09-19T01:25:10.852879+00:00
TkKlJctOSbXbnYpM,https://www.haaretz.co.il/news/politics/2025-09-18/ty-article/.premium/00000199-5e22-d0dc-afdb-deb709320000,"משרד הבריאות בעזה: 79 נהרגו מאש צה""ל ביממה האחרונה, ארבעה מתו ברעב","המשרד הודיע כי עשרות גופות עדיין תחת הריסות וצוותי הרפואה וההצלה מתקשים להגיע אליהן בשל ריבוי ההפצצות. לפי נתוני האו""ם, יותר מרבע מיליון פלסטינים נעקרו מהעיר עזה בחודש האחרון",חדשות|מדיני ביטחוני,TkKlJctOSbXbnYpM.jpg,"מימין: סמל אורן הרשקו וסא""ל יצחק הרוש. צילום: דובר צה""ל",haaretz,2025-09-18T22:21:55+03:00,,ג'קי חורי,haaretz,he,128783,2025-09-19T01:25:10.852922+00:00
P1Fe3hbZGSGPLYvs,https://www.haaretz.co.il/news/politi/2025-09-18/ty-article/00000199-5e29-de72-a7fd-7eeb086b0000,"סקר חדשות 12: נתניהו נחלש, האופוזיציה עם 61 מנדטים ללא מפלגות ערביות","מפלגתו של בנט מתחזקת בשני מנדטים והיא השנייה בגודלה עם 21 מנדטים. מפלגתו החדשה של איזנקוט זוכה בעשרה מנדטים. אילו ירוצו ביחד, תהיה מפלגתם הגדולה ביותר עם 30 מנדטים. גנץ לא עובר את אחוז החסימה",חדשות|פוליטי,P1Fe3hbZGSGPLYvs.jpg,"נתניהו בבית המשפט המחוזי בתל אביב, אתמול. צילום: איתי רון",haaretz,2025-09-18T22:16:06+03:00,,הארץ,haaretz,he,107758-2,2025-09-19T01:25:10.852957+00:00
lSVMpKsfR1x9Homc,https://www.haaretz.co.il/gallery/fashion/2025-09-18/ty-article-magazine/.premium/00000199-5e15-d0dc-afdb-deb7954b0000,"כובע מגונן, חליפה חנוטה: הבגדים של מלניה טראמפ שלחו מסר דיפלומטי, לא פחות מבעלה","שמלת הזהב שידרה עושר, הכובע והצווארון המורם סימנו גבולות גזרה. מלניה טראמפ נחתה בבריטניה ונתנה לאופנה לדבר בשבילה",תרבות|אופנה,lSVMpKsfR1x9Homc.jpg,"מלניה טראמפ כובע הברברי הסגול בביקורה בבריטניה, השבוע. כהונת טראמפ השנייה הביאה חשיבות מחודשת לכובעים. צילום: Andrew Matthews/רויטרס",haaretz,2025-09-18T22:04:56+03:00,,ניו יורק טיימס,haaretz,he,115542,2025-09-19T01:25:10.852986+00:00
BHjgJBeHBJ0Z02HI,https://www.haaretz.co.il/news/world/europe/2025-09-18/ty-article-magazine/.premium/00000199-5de1-de72-a7fd-7de3b4c70000,"""זהו מבצע החטיפה הגדול ביותר של ילדים מאז מלחמת העולם השנייה""",מחקר של אוניברסיטת ייל תיעד יותר מ־210 אתרים ברוסיה ובשטחים הכבושים באוקראינה שבהם מוחזקים אלפי ילדים אוקראינים לחינוך מחדש והכשרה צבאית. מדובר במספר גבוה בהרבה ממה שחשבו. מוסקבה כינתה את הממצאים תעמולה אנטי־מדעית שמלאה בזיופים ומבוססת על נתונים מפוקפקים,חדשות|אירופה,BHjgJBeHBJ0Z02HI.jpg,ילדות אוקראיניות באחד ממחנות הצבא הרוסי. צילום: מתוך טלגרם (שימוש לפי סעיף 27א' לחוק זכויות יוצרים),haaretz,2025-09-18T21:54:30+03:00,,ניו יורק טיימס,haaretz,he,ukrainan-girls-in-military-camp,2025-09-19T01:25:10.853014+00:00
O_CTjfi_smLmVXXg,https://www.haaretz.co.il/sport/world-soccer/2025-09-18/ty-article/00000199-5e06-d45d-a3bf-ff4753cf0000,ליגת האלופות: 2:2 בין קופנהגן לבאייר לברקוזן; קלאב ברוז' הביסה את מונאקו,באייר לברקוזן חזרה פעמיים מפיגור מול קופנהגן בחוץ ■ קלאב ברוז הובילה כבר 0:4 לפני שאנסי פאטו צימק בדקה הראשונה של תוספת הזמן,ספורט|כדורגל בעולם,O_CTjfi_smLmVXXg.jpg,"רודריגו וסקאס במדי קופנהגן מול אבראהים מאזא, הערב. צילום: AFP/LISELOTTE SABROE",haaretz,2025-09-18T21:51:18+03:00,,ספורט הארץ,haaretz,he,131895,2025-09-19T01:25:10.853047+00:00
YOXYgMmZH2GM3RYf,https://www.haaretz.co.il/news/politics/2025-09-18/ty-article/.premium/00000199-5dc7-d7ad-a1d9-5dff74af0000,"ביהמ""ש המחוזי הרחיק את אוריך מלשכת רה""מ ל-60 יום נוספים, ואסר עליו לעבוד בה","לדברי השופט עמית מיכלס, העובדה כי אוריך ממשיך לטעון שלא ביצע עבירה מעלה חשש כי אם יחזור לסביבת עבודתו הקודמת הוא ימשיך לבצע מעשים דומים. ""נוכח אירועי השבוע החולף, ניתן רק להרהר מה היה קורה לולא נחשפה הפרשה והמשיב היה ממשיך לקדם את ענייניה של קטאר"", אמר",חדשות|מדיני ביטחוני,YOXYgMmZH2GM3RYf.jpg,"כוחות במעבר אלנבי, היום. צילום: אוליבייה פיטוסי",haaretz,2025-09-18T21:18:25+03:00,,בר פלג,haaretz,he,129663,2025-09-19T01:25:10.853075+00:00
wH7Pc7RJ4SVHcw2U,https://www.haaretz.co.il/magazine/the-edge/2025-09-18/ty-article/.highlight/00000199-578e-d0dc-afdb-d7bf6bb50000,כל הסימנים היו שם. האש שניצתה באמריקה שורפת גם את הבית שלנו,"ג'יימס בולדווין חזה את מאבקי הזהות שקורעים את ארה""ב. תרגום חדש למסה הנפיצה שלו הוא תמרור אזהרה למי שחושב שזה לא יגיע גם לישראל",סוף שבוע|הקצה,wH7Pc7RJ4SVHcw2U.jpg,"צילום: חשבונות האינסטגרם וה–X של מירי רגב, Israel Heritage Foundation, ניסים סטיב אללוף, משה בן זקן ו–5 tjt.com; עיבוד והנפשה: מאשה צור גלוזמן",haaretz,2025-09-18T21:00:28+03:00,,איריס לעאל,haaretz,he,006784,2025-09-19T01:25:10.853102+00:00
5faOgitNM28EmLgG,https://www.haaretz.co.il/news/weather/2025-09-18/ty-article/00000199-5dd8-d7ad-a1d9-5df84eeb0000,"תחזית מזג האוויר ליום שישי: ירידה קלה בטמפרטורות, ייתכן טפטוף","מזג האוויר מחר (שישי) יהיה מעונן חלקית, עם ירידה קלה בטמפרטורות. בבוקר ייתכן טפטוף לאורך מישור החוף. הים התיכון יהיה גלי עד גבה־גלים, גובהו 80–200 סנטימטרים, וט",חדשות|מזג האוויר,5faOgitNM28EmLgG.jpg,"שכונת מאיר בצפת, היום. צילום: דניאל רולידר",haaretz,2025-09-18T20:53:50+03:00,,הארץ,haaretz,he,129333,2025-09-19T01:25:10.853128+00:00
JppEZvv9om4zGc04,https://www.haaretz.co.il/gallery/music/2025-09-18/ty-article/00000199-5dce-d45d-a3bf-ffcfac700000,יותר מ–400 אמנים חתמו על עצומה להסרת שיריהם מפלטפורמות בישראל,"""מאסיב אטאק"", ""פריימל סקרים"", Japanese Breakfast וקינג קרול הם בין האמנים שצטרפו ליוזמת חרם שקוראת לחסימת תכנים מוזיקליים בישראל, ""בתגובה לג'נוסייד בעזה"". היוזמים קראו ללייבלים כמו סוני ויוניברסל להצטרף — כשם שחסמו את רוסיה עם פלישתה לאוקראינה",תרבות|מוזיקה,JppEZvv9om4zGc04.jpg,Japanese Breakfast (מישל זאונר). בינתיים זמינה להאזנה בישראל. צילום: Amy Harris/Invision/AP,haaretz,2025-09-18T20:19:21+03:00,,שי רינגל,haaretz,he,63107288,2025-09-19T01:25:10.853152+00:00
UmmF6vLGSDVIYVNz,https://www.haaretz.co.il/food/dining/2025-09-18/ty-article-magazine/.highlight/00000199-5790-d3b1-a7ff-77bad9900000,"כשספרטה כבר כאן, פרחים מהמאה ה-19 מזכירים שיכול להיות כאן טוב יותר","אלבומים שאוצרים פרחים מירושלים מספרים את סיפורן של העיר והארץ, ומציעים נחמה והשראה מול מצבן העגום",אוכל|פינת אוכל,UmmF6vLGSDVIYVNz.jpg,"אלבומי הפרחים המיובשים מירושלים, אוסף עמי זהבי",haaretz,2025-09-18T20:19:21+03:00,,רונית ורד,haaretz,he,ami-zahavi-1,2025-09-19T01:25:10.853177+00:00
qsC65ymmf0pfSNZQ,https://www.haaretz.co.il/magazine/the-edge/2025-09-18/ty-article/.highlight/00000199-5785-d0dc-afdb-d7b752c60000,72 אבנים מסתוריות עשויות להצביע על רגע דרמטי בתולדות הארץ,חילופי האליטות בארץ ישראל העתיקה היו מאורע אלים. ייתכן שליד הכנרת נמצאו שרידים לכלי הנשק ששימשו את האזרחים שניסו להתגונן,סוף שבוע|הקצה,qsC65ymmf0pfSNZQ.jpg,"צילום: חשבונות האינסטגרם וה–X של מירי רגב, Israel Heritage Foundation, ניסים סטיב אללוף, משה בן זקן ו–5 tjt.com; עיבוד והנפשה: מאשה צור גלוזמן",haaretz,2025-09-18T20:14:26+03:00,,חי אשכנזי,haaretz,he,087487,2025-09-19T01:25:10.853202+00:00
N79vafWioK98nyp6,https://www.haaretz.co.il/opinions/2025-09-18/ty-article-opinion/.premium/00000199-5d64-d28c-a5bd-fdfe6cbf0000,כמעט לא זכור מאורע בתולדות המדינה שזכה לסיקור טלוויזיוני אינטנסיבי כזה,"לפני ימים לא רבים התנתק ציבור הצופים ב""כאן 11"" מהסאגה על ההתנתקות שהונחתה עליו במשך שבועות ארוכים. זו עסקה בהתנתקות מחבל קטיף ומרצועת עזה לפני 20 שנה על פי החלט",דעות,N79vafWioK98nyp6.jpg,"מימין: סגן רון אריאלי, רס""ן אומרי-חי בן משה, סגן איתן אבנר בן יצחק, סגן ערן שלם. צילום: דובר צה""ל",haaretz,2025-09-18T20:00:33+03:00,,דן מירון,haaretz,he,014921,2025-09-19T01:25:10.853228+00:00
IL93kg3e7EwWZeTO,https://www.haaretz.co.il/opinions/2025-09-18/ty-article-opinion/.premium/00000199-5d64-d7ad-a1d9-5d7c82fe0000,"עלינו לעמוד לצד כל יוזמה שמבקשת לעצור את הזוועות. כן, גם חרם","כדרכם של ציונים ליברלים רבים, ספי הנדלר עושה לעצמו חיים קלים למדי: לדידו, התנועה הציונית ומדינת ישראל הציעו חזון הומניסטי לקיום יהודי בארץ, אבל ה""ביביסטים, המשי",דעות,IL93kg3e7EwWZeTO.jpg,"מימין: סגן רון אריאלי, רס""ן אומרי-חי בן משה, סגן איתן אבנר בן יצחק, סגן ערן שלם. צילום: דובר צה""ל",haaretz,2025-09-18T20:00:26+03:00,,תום מהגר,haaretz,he,104811,2025-09-19T01:25:10.853253+00:00
fd4fvpU1wuk9NDxG,https://www.haaretz.co.il/opinions/2025-09-18/ty-article-opinion/.premium/00000199-5d07-d45d-a3bf-ff4728d10000,הבחירה: קטאר או סעודיה — סיכום פסגת החירום הערבית־איסלאמית בדוחה,"עיון בהצהרה שחתמה את פסגת החירום הערבית־איסלאמית בדוחה השבוע מלמד, שמאחורי הניסיון להציג קונצנזוס רחב מסתתרת למעשה ""עסקת חבילה רכה"": כל מדינה שימרה את האינטרסים",דעות,fd4fvpU1wuk9NDxG.jpg,"מימין: סגן רון אריאלי, רס""ן אומרי-חי בן משה, סגן איתן אבנר בן יצחק, סגן ערן שלם. צילום: דובר צה""ל",haaretz,2025-09-18T20:00:00+03:00,,רונית מרזן,haaretz,he,090611,2025-09-19T01:25:10.853277+00:00
GOvd8hyv90-8ldo0,https://www.haaretz.co.il/opinions/2025-09-18/ty-article-opinion/.premium/00000199-5d3f-dc75-a1d9-5f7fa0ec0000,ישראל אחראית לחיסול הדור הבא ברצועת עזה,"יש אומדנים שונים לגבי אלפי הילדים שמתו בעזה ב–23 החודשים האחרונים, ושל אלה שנפצעו ונותרו בעלי מום — בעיקר קטועי גפיים — בהפצצות ממטוסים, ירי פגזי טנקים או כדורי",דעות,GOvd8hyv90-8ldo0.jpg,"מימין: סגן רון אריאלי, רס""ן אומרי-חי בן משה, סגן איתן אבנר בן יצחק, סגן ערן שלם. צילום: דובר צה""ל",haaretz,2025-09-18T20:00:00+03:00,,סנאית גיסיס,haaretz,he,095393-2,2025-09-19T01:25:10.853305+00:00
uy5A9nSW3eU4R0fA,https://www.haaretz.co.il/opinions/2025-09-18/ty-article-opinion/.premium/00000199-5cda-d7ad-a1d9-5cfa856d0000,"24 השעות האחרונות בעזה (כולם משתוקקים לישון, אפילו רק לכמה שעות)","ידעתם שאחד הדברים שתושבי עזה הכי משתוקקים אליו הוא... לישון? כולם בעזה מתים לישון, רק כמה שעות רצופות. השינה בעזה אסורה. איך מישהו בעזה יכול לישון? זה לא רק רעש",דעות,uy5A9nSW3eU4R0fA.jpg,"מימין: סגן רון אריאלי, רס""ן אומרי-חי בן משה, סגן איתן אבנר בן יצחק, סגן ערן שלם. צילום: דובר צה""ל",haaretz,2025-09-18T20:00:00+03:00,,חוסאם אל מדהון,haaretz,he,123553,2025-09-19T01:25:10.853328+00:00
dCS1-kDygGNt7clt,https://www.haaretz.co.il/opinions/2025-09-18/ty-article-opinion/.premium/00000199-5c7a-d45d-a3bf-ff7be84c0000,ספירת המתים מבטאת צורך עז של הפלסטינים לתת משמעות לאובדן החיים העצום,"הפלסטינים סופרים את החללים ואת הפצועים ברצועת עזה בכמה ספִירות. הספירה הראשונה הגדולה, הכללית, מונה את החללים שנהרגו ואותרו מאז 7 באוקטובר 2023, ומניינם נכון לצ",דעות,dCS1-kDygGNt7clt.jpg,"מימין: סגן רון אריאלי, רס""ן אומרי-חי בן משה, סגן איתן אבנר בן יצחק, סגן ערן שלם. צילום: דובר צה""ל",haaretz,2025-09-18T20:00:00+03:00,,מאיה רוזנפלד,haaretz,he,681735,2025-09-19T01:25:10.853353+00:00
hvfTIhl-LaAxEuxZ,https://www.haaretz.co.il/opinions/letters/2025-09-18/ty-article-opinion/.premium/00000199-5bd7-dc75-a1d9-5fdf17660000,שר התרבות נגד הקולנוע הישראלי,"בתגובה על ""לאחר הזכייה של ""הים"" בפרס אופיר, מיקי זוהר הודיע על עצירת המימון שלו ועל טקס ""ממלכתי"" חדש"", מאת עדו דוד כהן (""הארץ"", 17.9)",דעות|מכתבים למערכת,hvfTIhl-LaAxEuxZ.jpg,"מימין: סגן רון אריאלי, רס""ן אומרי-חי בן משה, סגן איתן אבנר בן יצחק, סגן ערן שלם. צילום: דובר צה""ל",haaretz,2025-09-18T20:00:00+03:00,,ריקי שלח,haaretz,he,017659,2025-09-19T01:25:10.853377+00:00
UyEnPfprM1TLVlzh,https://www.haaretz.co.il/opinions/letters/2025-09-18/ty-article-opinion/.premium/00000199-5bc7-d7ad-a1d9-5bff4ed80000,ספרטה האמיתית: סיוט | 19.9.2025,"בתגובה על ""נתניהו הודה כי ישראל נמצאת בצרה והצהיר: 'נהיה סופר־ספרטה'"", מאת נתי טוקר, ליזה רוזובסקי ויהונתן ליס (""הארץ"", 16.9)",דעות|מכתבים למערכת,UyEnPfprM1TLVlzh.jpg,"מימין: סגן רון אריאלי, רס""ן אומרי-חי בן משה, סגן איתן אבנר בן יצחק, סגן ערן שלם. צילום: דובר צה""ל",haaretz,2025-09-18T20:00:00+03:00,,הארץ,haaretz,he,052693-04322,2025-09-19T01:25:10.853399+00:00
yQvm_xilq28hZHih,https://www.haaretz.co.il/news/politics/2025-09-18/ty-article/.premium/00000199-5d57-d54c-a3f9-5d7759840000,הקבינט צפוי לדון הערב בהצעה לאפשר לצלב האדום לבקר אסירים ביטחוניים של הפתח,"השר איתמר בן גביר צפוי להתנגד להצעה, שמקודמת על רקע עתירה נגד החלטת המדינה לאסור את ביקורי הארגון בבתי הכלא מאז 7 באוקטובר. ביוני שעבר הודיעה המדינה לבג""ץ כי היא פועלת להקמת מנגנון חלופי, אולם ביקשה 20 פעמים לדחות את תגובתה לעתירה",חדשות|מדיני ביטחוני,yQvm_xilq28hZHih.jpg,"מימין: סמל אורן הרשקו וסא""ל יצחק הרוש. צילום: דובר צה""ל",haaretz,2025-09-18T19:51:11+03:00,,יהונתן ליס,haaretz,he,815463,2025-09-19T01:25:10.853422+00:00
HQG-SqDDpPmpesaS,https://www.haaretz.co.il/news/politics/2025-09-18/ty-article/00000199-5d8d-de72-a7fd-7dcfe15d0000,"כטב""ם פגע בכניסה למלון באילת; צה""ל יירט טיל ששוגר מתימן לכיוון ירושלים והמרכז","לפי שעה, לא התקבל מידע על נפגעים מפגיעת הכטב""ם. הצבא מסר כי כוחות חילוץ והצלה פועלים במקום, והמשטרה הוסיפה כי גם חבלנים הוזעקו לזירה. כשעתיים לאחר מכן, הופעלו אזעקות באזורים רבים במרכז ובסביבות ירושלים בעקבות שיגור הטיל",חדשות|מדיני ביטחוני,HQG-SqDDpPmpesaS.gif,"מקום פגיעת הכטב""מ באילת, הערב. צילום: רן שאולי",haaretz,2025-09-18T19:25:43+03:00,,יניב קובוביץ,haaretz,he,ezgif-com-optimize-3,2025-09-19T01:25:10.853446+00:00
8z7386VbpKRG9yhK,https://www.haaretz.co.il/news/world/america/2025-09-18/ty-article/.premium/00000199-5d78-d0dc-afdb-dfff9aa00000,ממשל טראמפ לא נותן למציאות לבלבל אותו ומנצל את רצח קירק למלחמה בארגוני שמאל,"אף שהיורה בפעיל הימין היה זאב בודד, טראמפ ואנשיו מציגים את ההתנקשות כקנוניה מתוזמרת של השמאל ומבטיחים לרתום את זרועות הממשל למאבק בארגוני החברה האזרחית. זאת כחלק ממאמצם לגרוס את הדמוקרטיה האמריקאית",חדשות|אמריקה,8z7386VbpKRG9yhK.jpg,"נשיא ארה""ב דונלד טראמפ במסיבת עיתונאים באחוזת צ'קרס, מעון הכפר הרשמי של ראש ממשלת בריטניה בבקינגהאמשייר, היום. צילום: Leon Neal/רויטרס",haaretz,2025-09-18T19:25:21+03:00,,נתנאל שלומוביץ,haaretz,he,129502,2025-09-19T01:25:10.853470+00:00
umuLn9b3pmpjwTqR,https://www.haaretz.co.il/news/politics/2025-09-18/ty-article/.premium/00000199-5d4b-d7ad-a1d9-5d7b7b090000,טראמפ: החזרת החטופים תעזור להפעיל לחץ על נתניהו לסיים את המלחמה,"במסיבת עיתונאים שקיים יחד עם ראש ממשלת בריטניה, התייחס הנשיא גם למהלכים להכרה במדינה פלסטינית ואמר כי בניגוד לסטארמר אינו מסכים לכך. השניים הדגישו כי הם פועלים יחד ""לסיום הקטסטרופה במזרח התיכון"". סטארמר: ""חמאס הוא ארגון טרור שלא יהיה לו חלק בממשלה עתידית בפלסטין""",חדשות|מדיני ביטחוני,umuLn9b3pmpjwTqR.jpg,"כוחות במעבר אלנבי, היום. צילום: אוליבייה פיטוסי",haaretz,2025-09-18T19:14:09+03:00,,בן סמואלס,haaretz,he,128993,2025-09-19T01:25:10.853494+00:00
4QcBZiLcGVyDUx_-,https://www.haaretz.co.il/news/politics/2025-09-18/ty-article/00000199-5cfd-d0dc-afdb-deff6c0c0000,"מפקד פלוגה ושלושה צוערים בבה""ד 1 נהרגו בפיצוץ מטען ברפיח","הארבעה נסעו בשני האמרים מאחורי דחפור מסוג D9 במהלך פעילות לפתיחת ציר. בתום הפעולה חנו ההאמרים לצד הדחפור, ואז אירע הפיצוץ",חדשות|מדיני ביטחוני,4QcBZiLcGVyDUx_-.png,"מימין: סגן רון אריאלי, רס""ן אומרי-חי בן משה, סגן איתן אבנר בן יצחק, סגן ערן שלם. צילום: דובר צה""ל",haaretz,2025-09-18T19:03:07+03:00,,יניב קובוביץ,haaretz,he,soldiers-collage-homepage,2025-09-19T01:25:10.853522+00:00
pgPuB7q4vdI-cK5h,https://www.haaretz.co.il/sport/other/2025-09-18/ty-article-magazine/.premium/00000199-5d2d-de72-a7fd-7defe5c20000,"סידני מקלוכלין-לברון כבשה פסגה נוספת, והופכת במהירות לאחת האתלטיות הגדולות בהיסטוריה","אחרי שהשיגה הכל ב-400 מטר משוכות, סידני מקלוכלין-לברון משתלטת גם על המקצה החלק והיא מועמדת לשבור את שיא העולם ■ הדו-קרב בין פקסיטן להודו בהטלת כידון לא סיפק את הסחורה ■ בוטסואנה הוכיחה שהיא מעצמה בריצות קצרות ■ הפציעות גובות מחיר, גם מיולימאר רוחאס האגדית",ספורט|ענפים נוספים,pgPuB7q4vdI-cK5h.jpg,"סידני מקלוכלין-לברון, היום. קבעה את התוצאה השנייה בטיבה בהיסטוריה. צילום: Petr David Josek/אי־פי",haaretz,2025-09-18T18:53:22+03:00,,עוזי דן,haaretz,he,129045,2025-09-19T01:25:10.853549+00:00
3L3ed9K8oHKcc9DH,https://www.haaretz.co.il/digital/daily/2025-09-18/ty-article/.premium/00000199-5d39-d45d-a3bf-ff7b118a0000,המשטרה גילתה תחום אכיפה חדש ומרגש: סיכול מחשבות נגד הממשלה,"משטרת ישראל יכולה לנסות, אבל היא לא מסוגלת למחוק שיר. וגם: היום שבו שרי הממשלה יגלו שהתעוררנו, ג'ימי קימל מבוטל, תככים בתחרות העולם בהקפצת אבנים ו-25 מתכונים לשבת | היום ביומית",דיגיטל|היומית,3L3ed9K8oHKcc9DH.jpg,"כוחות במעבר אלנבי, היום. צילום: אוליבייה פיטוסי",haaretz,2025-09-18T18:23:47+03:00,,מורן שריר,haaretz,he,084907-1,2025-09-19T01:25:10.853574+00:00
73AqdH3q0h7ex5t0,https://www.haaretz.co.il/news/world/europe/2025-09-18/ty-article-magazine/.premium/00000199-5860-dc75-a1d9-5f6cd74b0000,בת ה־18 הספיקה להיות שעה עם התינוקת שילדה. ואז הרשויות בדנמרק לקחו אותה ממנה,"איוואנה ברונלונד, צעירה ממוצא גרינלנדי, עברה בילדותה התעללות על ידי אביה. אף על פי שכבר בזמן שהייתה בהריון חלה בדנמרק הקלה בחוק בנושא מבחני ההורות, היא חויבה לעבור אותם ולא עברה. כעת היא נלחמת להחזיר אליה את בתה, במאבק שסחף את המדינה כולה",חדשות|אירופה,73AqdH3q0h7ex5t0.jpg,"איוואנה ברונלונד בביתה בדנמרק, החודש. צילום: Hilary Swift / NYT",haaretz,2025-09-18T18:11:03+03:00,,ניו יורק טיימס,haaretz,he,114329,2025-09-19T01:25:10.853598+00:00
siOBLHYP_1vwO1da,https://www.haaretz.co.il/news/politics/2025-09-18/ty-article/.premium/00000199-5cae-d0dc-afdb-debf4acd0000,"לאחר הפרסום ב""הארץ"", אוקראינה תפנה את אזרחיה ובני משפחותיהם שנותרו בעזה","לפי מקור אוקראיני, ב־29 בספטמבר ייערך מבצע לפינוי האזרחים האחרונים שעדיין שוהים ברצועה, וכן לקרוביהם מדרגה ראשונה. בראשית המלחמה אוקראינה פינתה אזרחים מעזה בשלושה סבבים, ולדברי המקור זאת תהיה ההזדמנות האחרונה",חדשות|מדיני ביטחוני,siOBLHYP_1vwO1da.jpg,"מימין: סגן רון אריאלי, רס""ן אומרי-חי בן משה, סגן איתן אבנר בן יצחק, סגן ערן שלם. צילום: דובר צה""ל",haaretz,2025-09-18T18:04:35+03:00,,ליזה רוזובסקי,haaretz,he,127106,2025-09-19T01:25:10.853622+00:00
4B6WvQJBiM_DAmsA,https://www.haaretz.co.il/opinions/2025-09-18/ty-article-opinion/.premium/00000199-5c43-d0dc-afdb-def7b6e20000,שלוש מטרות שהן אחת,"במאמר קצר שהופיע במדור ""היומית"" בתחילת החודש, טענה ענת קם כי לעצומת העיתונאים/יות נגד המלחמה יש מטרה אחת ""ראויה וקולגיאלית"" – לעצור את הרג העיתונאים בעזה – ושתי",דעות,4B6WvQJBiM_DAmsA.jpg,"כוחות במעבר אלנבי, היום. צילום: אוליבייה פיטוסי",haaretz,2025-09-18T18:00:01+03:00,,אריאל גוטליב,haaretz,he,031552,2025-09-19T01:25:10.853646+00:00
SQ9buTNp3doXkvPv,https://www.haaretz.co.il/news/law/2025-09-18/ty-article/00000199-5d48-d45d-a3bf-ff4b228e0000,מפגינים חרדים חסמו את כביש 4 ליד בני ברק ואת הכניסה לירושלים במחאה על מעצר עריק,"המפגינים מהפלג הירושלמי נשאו שלטים שעליהם נכתב ""או חרדי או צבא"" ו""מלחמה בחוק הגיוס – במעשים ולא במילים"". כשעה וארבעים דקות לאחר תחילת ההפגנות, בפלג הירושלמי הודיעו כי העריק שוחרר מהכלא והכריזו על פיזור המפגינים",חדשות|משפט ופלילים,SQ9buTNp3doXkvPv.jpg,"מפגינים חוסמים את כביש 4, היום. צילום: איתי רון",haaretz,2025-09-18T17:54:51+03:00,,אהרן רבינוביץ,haaretz,he,129088,2025-09-19T01:25:10.853668+00:00
QEunL_rAtw1_qvmZ,https://www.haaretz.co.il/news/world/asia/2025-09-18/ty-article/.premium/00000199-5d28-de72-a7fd-7deb4b270000,אחרי התקיפה הישראלית בקטאר: סעודיה ופקיסטאן הגרעינית חתמו על הסכם הגנה הדדי,ההסכם קובע שכל התקפה על אחת המדינות תיחשב כהתקפה על שתיהן ומעורר חשש במערב מהאפשרות של שילוב סעודיה תחת המטרייה הגרעינית של פקיסטאן. מדובר בצעד הביטחוני הראשון שעושה מדינה ערבית במפרץ מאז תקיפת הנהגת חמאס בדוחה לפני יותר משבוע,חדשות|חדשות – אסיה ואוקיאניה,QEunL_rAtw1_qvmZ.jpg,"יורש העצר הסעודי מוחמד בן סלמאן וראש ממשלת פקיסטאן שהבז שריף בריאד, אתמול. צילום: Saudi Press Agency/רויטרס",haaretz,2025-09-18T17:40:37+03:00,,אי־פי,haaretz,he,117816,2025-09-19T01:25:10.853692+00:00
zcNMFG55yFWQkwa4,https://www.haaretz.co.il/debate/2025-09-18/ty-article-opinion/.free/00000199-5cd4-d84a-aff9-ddffeb3e0000,معارضة نتنياهو ليست هي المقياس، كل من يتماهى مع النظام شريك,في الأشهر الأخيرة كتب عدد من الليبراليين الإسرائيليين، معظمهم من الوسط الثقافي والفني، مقالات في صحف محليّة وعالميّة عبّروا فيها عن استغرابهم من المقاطعة العالم,هآرتس بالعربي,zcNMFG55yFWQkwa4.jpg,تظاهرة في تل أبيب ضد الحرب على غزّة، في أغسطس. اليهود الذين يمتنعون عن أداء الخدمة الاحتياطية لا يُرسَلون إلى الغولاغ، ولا يختفون في معسكرات اعتقال، ومع ذلك تظل الغالبية تلبّي النداء. צילום: تومر أبلباوم,haaretz,2025-09-18T17:34:25+03:00,,حنين مجادلة,haaretz,ar,710949-3,2025-09-19T01:25:10.853715+00:00
FRpFTG0y1gvsJa33,https://www.haaretz.co.il/news/law/2025-09-18/ty-article/00000199-5cff-d45d-a3bf-ffff57d40000,בית המשפט המחוזי בחיפה ביטל את תוצאות הבחירות לראשות העיר עכו,"בפסק הדין נקבע כי יש לערוך בחירות חדשות תוך 30 ימים בהתאם לחוק. בית המשפט קיבל את טענת התובע, שהתמודד מול ראש העיר המכהן עמיחי בן־שלוש, על שוחד בחירות והשפעה שלא כדין על תוצאותיהן - אך לא הדיח אותו מתפקידו",חדשות|משפט ופלילים,FRpFTG0y1gvsJa33.jpg,"ראש העיר עכו עמיחי בן־שלוש בדיון על הארכת מעצרו בבית משפט השלום בראשון לציון, במרץ. צילום: תומר אפלבאום",haaretz,2025-09-18T17:10:47+03:00,,עדי חשמונאי,haaretz,he,225761,2025-09-19T01:25:10.853738+00:00
KMxp0KkyppsqAbgC,https://www.haaretz.co.il/digital/podcast/2025-09-18/ty-article-podcast/00000199-5cd1-da07-adff-5fd984810000,"הודו, סין ופייסבוק: מה בדיוק קרה בנפאל ולמה זה כל כך מסעיר?","השבוע ב""חוץ לארץ"" עם חן ליברמן:","חוץ לארץ|בראש החדשות:|שני הרוגים בפיגוע ירי ודקירה במעבר אלנבי|מקור במשטרה: מאי גולן הוציאה את אימה מהתחנה בעיצומה של החקירה|""הישראלים מתלהמים אבל לא מבינים מה יקרה אם נוחרם. נחזור 40 שנה אחורה""|אובר משקיעה עשרות מיליוני דולרים בחברה ישראלית של רחפני משלוחים|במקום בקלפי: הצעירים בנפאל בחרו ראשת ממשלה דרך אפליקציית צ'אטים|איך לבחור את הקפה שאני אוהב?|צה""ל ושב""כ מפעילים מיליציות של תושבי עזה לפעולות צבאיותתמורת שכר ושליטה בשטח: צה""ל ושב""כ מפעילים מיליציות של תושבי עזה לפעולות צבאיות|נתניהו נטל את ההימור הגדול מתחילת המלחמה|כחודש לפני הטבח, מפקד מרחב נגב במשטרה הורה לאסור מסיבות טבע בגבול עזה|""ישראל גרמה למתנגדי המשטר באיראן עוול עמוק""|אחרי שנתיים של מלחמה, נמצא האירוע שהוציא את עם ישראל מהאדישות|ב-1967 פורסם ב""הארץ"" מאמר נוקב. התגובות לא איחרו לבוא|מדורים|כלים שימושיים|Haaretz|TheMarker|שיתופי פעולה",KMxp0KkyppsqAbgC.jpg,"מפגינים בנפאל סביב בית הממשלה שהוצת, בשבוע שעבר. צילום: Prakash Timalsina/אי־פי",haaretz,2025-09-18T17:06:06+03:00,,חוץ לארץ,haaretz,he,277629,2025-09-19T01:25:10.853760+00:00
v3KZCNFl62AQf40v,https://www.haaretz.co.il/sport/other/2025-09-18/ty-article-magazine/00000199-5c7b-d45d-a3bf-ff7bcd610000,ביורן בורג חושף בספר זיכרונות התמוטטויות בגלל שימוש בסמים ומאבק בסרטן,"האלוף השוודי לשעבר, שזכה ב-11 תארי גראנד סלאם, מגולל בספר חדש את פרישתו המוקדמת, התקפי החרדה והשימוש בקוקאין שהובילו לאשפוז, לצד רגעים אישיים ומפגשים עם מנהיגים וכוכבים. בסיום הוא מגלה כי חלה בסרטן הערמונית",ספורט|ענפים נוספים,v3KZCNFl62AQf40v.jpg,"ביורן בורג בגמר הרולאן גארוס, ב-1976. השוודי חשף תקרית שבה כמעט מת בשל מנת יתר שכללה צריכת קוקאין, כדורים ואלכוהול. צילום: GK/אי־פי",haaretz,2025-09-18T15:38:53+03:00,,אי־פי,haaretz,he,119777,2025-09-19T01:25:10.853836+00:00
H-3Dw48L9mVdOED8,https://www.haaretz.co.il/news/law/2025-09-18/ty-article/.premium/00000199-5c76-d0dc-afdb-def72e670000,מקור במשטרה: מאי גולן הוציאה את אימה מתחנת המשטרה בעיצומה של החקירה,"אימה של גולן נחקרה בחשד קבלת דבר במרמה ושימוש בכספי ציבור לצרכים פרטיים. לפי המקור, כעבור שעתיים היא ביקשה לצאת לשירותים – ובמקביל הגיעה השרה, לקחה אותה על כיסא גלגלים, והשתיים עזבו את המקום. גולן טענה בתגובה כי אימה הייתה ""נסערת מאוד"" ולכן לקחה אותה לביתה להתאושש",חדשות|משפט ופלילים,H-3Dw48L9mVdOED8.jpg,"מימין: סמל אורן הרשקו וסא""ל יצחק הרוש. צילום: דובר צה""ל",haaretz,2025-09-18T15:36:46+03:00,,יהושע (ג'וש) בריינר,haaretz,he,089805,2025-09-19T01:25:10.853871+00:00
CE0ZgVfsTbBrhmlQ,https://www.haaretz.co.il/digital/podcast/weekly/2025-09-18/ty-article-podcast/00000199-5c53-dc75-a1d9-5f5f4f470000,"""כשאתה עובר במסדרון ואנשים עוברים צד, אתה מבין עד כמה ישראל בבעיה""","פודקאסט ""השבוע"" עם ליאור קודנר בימים שלישי וחמישי:","השבוע|בראש החדשות:|מפקד פלוגה ושלושה צוערים בבה""ד 1 נהרגו בפיצוץ מטען ברפיח|כטב""ם ששוגר מתימן פגע בכניסה למלון באילת|אימהות לחטופים ולוחמים: תעצרו את הטירוף, אל תתנו לעוד אמא לקבור את בנה|טראמפ: החזרת החטופים תעזור להפעיל לחץ על נתניהו לסיים את המלחמה|המשטרה גילתה תחום אכיפה חדש ומרגש: סיכול מחשבות נגד הממשלה|איך לבחור את הקפה שאני אוהב?|המסר החשוב ביותר של נתניהו מחלחל: אין איך לצאת מזה|צה""ל ושב""כ מפעילים מיליציות של תושבי עזה לפעולות צבאיותתמורת שכר ושליטה בשטח: צה""ל ושב""כ מפעילים מיליציות של תושבי עזה לפעולות צבאיות|נתניהו נטל את ההימור הגדול מתחילת המלחמה|כחודש לפני הטבח, מפקד מרחב נגב במשטרה הורה לאסור מסיבות טבע בגבול עזה|""ישראל גרמה למתנגדי המשטר באיראן עוול עמוק""|אחרי שנתיים של מלחמה, נמצא האירוע שהוציא את עם ישראל מהאדישות|מדורים|כלים שימושיים|Haaretz|TheMarker|שיתופי פעולה",CE0ZgVfsTbBrhmlQ.jpg,בנימין נתניהו. צילום: אורן בן חקון,haaretz,2025-09-18T15:32:47+03:00,,ליאור קודנר,haaretz,he,podcast-homepage-18-09-25,2025-09-19T01:25:10.853899+00:00
j6FkrrGKwUWYYELd,https://www.haaretz.co.il/news/politics/2025-09-18/ty-article/00000199-5cb0-de72-a7fd-7cf3e01b0000,"סא""ל במיל' יצחק הרוש וסמל אורן הרשקו נהרגו מירי נהג ירדני במעבר אלנבי","הרוש, בן 68, שירת ביחידת מתאם פעולות הממשלה בשטחים, והרשקו, בן 20, שירת ביחידת הקישור לכוחות זרים. היורה הגיע במשאית סיוע שיועדה לעזה, ופתח באש במעבר המחבר את הגדה לירדן. צה""ל המליץ לממשלה לעצור את הכנסת הסיוע מהמעבר",חדשות|מדיני ביטחוני,j6FkrrGKwUWYYELd.jpg,"מימין: סמל אורן הרשקו וסא""ל יצחק הרוש. צילום: דובר צה""ל",haaretz,2025-09-18T15:12:27+03:00,,יניב קובוביץ,haaretz,he,2-soldiers-collage-homepage,2025-09-19T01:25:10.853925+00:00
-7ztL01SrhIv_Tfd,https://www.haaretz.co.il/opinions/2025-09-18/ty-article-opinion/.premium/00000199-5c92-d45d-a3bf-ffd3b72b0000,כתבי אישום חפוזים כמו נגד ירדן מן עוד יהפכו לשגרה. מזל שיש שופטים,"כשהזדרזה התביעה המשטרתית להגיש לבית משפט השלום ברחובות תוך 27 שעות, יש מאין, כתב אישום מופרך נגד ירדן מן על ""תקיפת"" השרה עידית סילמן ואיומים כלפיה, כתבתי כאן שב",דעות,-7ztL01SrhIv_Tfd.jpg,"כוחות במעבר אלנבי, היום. צילום: אוליבייה פיטוסי",haaretz,2025-09-18T15:04:55+03:00,,גל לברטוב,haaretz,he,123442,2025-09-19T01:25:10.853950+00:00
gleMvaa1r2omGeDj,https://www.haaretz.co.il/gallery/television/2025-09-18/ty-article/.premium/00000199-5ca7-d7ad-a1d9-5cffa5e90000,סרטי השבוע בטלוויזיה,19.9-25.9,תרבות|טלוויזיה,gleMvaa1r2omGeDj.jpg,"נואה ויילי בסדרה ""הפיט"". תפנית מעניינת בטלוויזיה. צילום: Warrick Page/אי־פי",haaretz,2025-09-18T14:53:22+03:00,,אורון שמיר,haaretz,he,177773,2025-09-19T01:25:10.853974+00:00
-j1rsc_qu2tC4QEw,https://www.haaretz.co.il/news/world/africa/2025-09-18/ty-article-magazine/.premium/00000199-5baa-d7ad-a1d9-5bfae7280000,"תחת מצור מתהדק, ילדים בעיר במערב סודאן נאלצים לאכול מזון לבעלי חיים","כוחות ההתערבות המהירה (RSF) הכפילו את מאמציהם לכבוש את חבל דרפור העצום שבמערב המדינה, והעיר אל־פאשר היא האחרונה שעומדת בדרכם. הכיתור בן ה־18 החודשים הפך את העיר למקום שמשאיר אלטרנטיבות נואשות ביותר. ""נראה ששכחו אותנו"", אמר רופא בעיר. ""זה כואב מאוד""",חדשות|חדשות - אפריקה,-j1rsc_qu2tC4QEw.jpg,"תושבים מאל־פאשר במחנה עקורים באל דאבה, סודאן, החודש. אל־פאשר נמצאת בחזית הקרב הנוראה ביותר במלחמת האזרחים האכזרית של סודאן, שהחלה לפני יותר משנתיים. צילום: El Tayeb Siddig/רויטרס",haaretz,2025-09-18T14:28:09+03:00,,ניו יורק טיימס,haaretz,he,025140,2025-09-19T01:25:10.853995+00:00
fjUmZM_6kgkYi_Ot,https://www.haaretz.co.il/news/politics/2025-09-18/ty-article/.premium/00000199-5c88-d0dc-afdb-debf2b770000,יואב ירום יואשם בכפוף לשימוע במעורבות במותם של גור קהתי וזאב ארליך,"רמ""ט גולני חשוד בהמתה בקלות דעת לאחר שהכניס את ארליך לשטח הלחימה בלבנון בניגוד לנהלים, ובכך גרם למותו ולמות קהתי בהיתקלות עם מחבלים. ירום טען כי היה צורך מבצעי בהכנסת ארליך, אולם גרסתו לא התיישבה עם הראיות בשטח ועם עדויות חבריו של קהתי שנחשפו ב""הארץ"". משפחת קהתי: זה לא יחזיר את גור, אך בתקווה, ירתיע אחרים",חדשות|מדיני ביטחוני,fjUmZM_6kgkYi_Ot.png,"מימין: סגן רון אריאלי, רס""ן אומרי-חי בן משה, סגן איתן אבנר בן יצחק, סגן ערן שלם. צילום: דובר צה""ל",haaretz,2025-09-18T14:16:09+03:00,,בר פלג,haaretz,he,collage-homepage,2025-09-19T01:25:10.854019+00:00
kndECQ_Lj4n8lYti,https://www.haaretz.co.il/family/mayamaytav/2025-09-18/ty-article-magazine/.premium/00000199-51a7-d276-a7fd-5ba7b7240000,"שישה ספרים יפהפיים לפעוטות, שאפשר למצוא בגרסה קשיחה",חמש קלאסיקות שיזכו לחיי נצח וספר אינטראקטיבי אחד המיועדים לקטנטנים מגיל חצי שנה | פינת קריאה,משפחה|פינת קריאה,kndECQ_Lj4n8lYti.jpg,"ספרים אהובים שכולנו גדלנו עליהן, שצרובים לנו בדי-אן-איי ואנו רוצות להוריש לילדינו. איור: הגר ורטהים",haaretz,2025-09-18T13:59:23+03:00,,מיה מיטב,haaretz,he,111550-2,2025-09-19T01:25:10.854042+00:00
pw7rHl4sBoktUcJz,https://www.haaretz.co.il/blogs/vitakairys/2025-09-18/ty-article-magazine/00000199-52af-d184-afff-76bf688c0000,"אחרי קארן, צ'אד ומסעודה משדרות: קבלו את הנהוראיים","""לא כדאי ללכת לשם, מלא נהוראיים"". מתי הפך השם נהוראי לכינוי מצחיק ומשפיל ולמה, גם מבלי להיות גזען, מדובר בנבזיות?",בלוגים|בשולי הדברים,pw7rHl4sBoktUcJz.gif,עיבוד: מאשה צור-גלוזמן.,haaretz,2025-09-18T13:09:41+03:00,,ויטה קיירס,haaretz,he,blogim-vita-nehoraim-17-09-2025-nehorai-promotion,2025-09-19T01:25:10.854065+00:00
Fj6zFcNtJN7V-zKM,https://www.haaretz.co.il/magazine/2025-09-18/ty-article/.highlight/00000199-5c40-d7ad-a1d9-5c7815220000,מה גרם לי לבכות בזמן הביצועים של תזמורת המהפכה לשירים של להקת התרנגולים,"הייתי לדעתי בת תשע או עשר כששמעתי את ""שיר השכונה"". עוד לפני ששמעתי אותו מושר על ידי להקת התרנגולים, שמעתי את מילותיו כשהן מוקראות ברוב רגש על ידי סבתא שלי. זה ק",סוף שבוע,Fj6zFcNtJN7V-zKM.jpg,איור,haaretz,2025-09-18T13:06:22+03:00,,נרי ליבנה,haaretz,he,19-9-25-web,2025-09-19T01:25:10.854091+00:00
ffO6vEUKDCB1i2mN,https://www.haaretz.co.il/nature/2025-09-18/ty-article-magazine/.premium/00000199-5b87-d0dc-afdb-dbb7386c0000,חיזוק הביטחון והשמירה על הטבע מתנגשים במסדרון אקולוגי בעמק חפר,"תוכנית להקמת גדר סביב המושבים עולש ובארותיים, כחלק מהפקת הלקחים מאירועי 7 באוקטובר, מעוררת חשש לפגיעה בשטח החיוני לתנועת בעלי חיים לעבר אזור נחל אלכסנדר",סביבה ואקלים,ffO6vEUKDCB1i2mN.jpg,"שדות חקלאיים בעמק חפר. כמה ""צווארי בקבוק"" מאיימים על המסדרון האקולוגי באזור. צילום: אבישג שאר-ישוב",haaretz,2025-09-18T13:00:00+03:00,,צפריר רינת,haaretz,he,741375,2025-09-19T01:25:10.854116+00:00
1e_Eh_BLFqRqCNaC,https://www.haaretz.co.il/magazine/2025-09-18/ty-article-magazine/.highlight/00000199-5789-dc75-a1d9-57cd10c30000,"ברחתי לגן עדן, אל אי הנודיסטים המופלא של יוון (זה התברר כרעיון לא כל כך טוב)","חשבתי שבאי נידח וקסום, שכולם מסתובבים בו עירומים, אוכל לשכוח לרגע את עזה, את ישראל. אז חשבתי",סוף שבוע,1e_Eh_BLFqRqCNaC.jpg,צילום: דוראל מינצר,haaretz,2025-09-18T12:36:07+03:00,,דני בר-און,haaretz,he,greece,2025-09-19T01:25:10.854139+00:00
47OMvfCxUWuuqF5u,https://www.haaretz.co.il/family/2025-09-18/ty-article-magazine/.premium/00000199-5688-d907-a5db-77ee8f060000,"הם יצאו למלחמה בדיוק כשנולדו להם ילדים, וחזרו לבית שמסתדר בלעדיהם","תוכנית חדשה של ויצו מלווה מילואימניקים שהפכו לאבות בזמן המלחמה, כדי לסייע במעבר הבלתי אפשרי משדה הקרב אל הבית. ""הגברים האלו תרגלו הרבה זמן את שריר הניתוק הרגשי כדי לתפקד במילואים, ועכשיו הם צריכים להתחבר רגשית לתינוק""",משפחה,47OMvfCxUWuuqF5u.jpg,"""אלו לא רק גיבורים שיוצאים לקרב ולביאות ששומרות על הבית - זה בא עם מורכבויות גדולות"" (למצולם אין קשר לכתבה). צילום: אילן אסייג",haaretz,2025-09-18T12:35:48+03:00,,נתנאל גאמס,haaretz,he,796211-2-2,2025-09-19T01:25:10.854168+00:00
e2d0cmAd1aT1FNel,https://www.haaretz.co.il/food/oracoren/2025-09-18/ty-article-recipe/00000199-56bd-d907-a5db-77ffe3e60000,קציצות פראסה: מתכון מקורי של יהדות טורקיה,המתכון המסורתי של לביבות או קציצות פראסה (כרישה) הגיע לארץ עם יהדות טורקיה ומככב כל שנה בחגים. אפשר להוסיף להן פטרוזיליה וגם להפוך אותן לטבעוניות,אוכל|דובדבנים,e2d0cmAd1aT1FNel.jpg,קציצות פראסה לראש השנה ולבכלל. צילום: אורה קורן,haaretz,2025-09-18T12:29:19+03:00,,אורה קורן,haaretz,he,064315,2025-09-19T01:25:10.854192+00:00
7Q2EmkZgIUaKkafK,https://www.haaretz.co.il/opinions/2025-09-18/ty-article-opinion/.premium/00000199-5bfe-d7ad-a1d9-5bfe43bf0000,"בחירת נתניהו להזכיר את ספרטה מסגירה חרדה עמוקה, והבנה מוטעית של ההיסטוריה","לפני ימים אחדים, בירושלים, הזהיר ראש הממשלה בנימין נתניהו מפני בידודה הגובר של ישראל. הוא תיאר את עוינותה של אירופה, את השפעתם של מיעוטים מוסלמיים קיצוניים על מ",דעות,7Q2EmkZgIUaKkafK.jpg,"כוחות במעבר אלנבי, היום. צילום: אוליבייה פיטוסי",haaretz,2025-09-18T12:27:28+03:00,,עירד מלכין,haaretz,he,102693,2025-09-19T01:25:10.854215+00:00
EFZjFII9zaBK8tNs,https://www.haaretz.co.il/travel/2025-09-18/ty-article-magazine/.premium/00000199-4ca9-d1b4-abdb-ffaf7f660000,שתי שכיות חמדה סמוך לכנסת מציעות מפלט של שקט ויופי,"התחנה לחקר ציפורי ירושלים וגן הוורדים, שנפתח מחדש לציבור לאחר שיפוץ ממושך, הם שני מוקדי טבע פלאיים שמאפשרים ליהנות מרגע של שלווה בקריית הלאום ההומה",טיולים,EFZjFII9zaBK8tNs.jpg,התחנה לחקר ציפורי ירושלים. אי של טבע בלב העיר. צילום: איתן לשם,haaretz,2025-09-18T12:23:30+03:00,,איתן לשם,haaretz,he,20250915-095007,2025-09-19T01:25:10.854240+00:00
6RPOTqn5_mjGZUpV,https://www.haaretz.co.il/news/law/2025-09-18/ty-article/00000199-5bac-d907-a5db-7fee90da0000,"המשטרה עצרה ארבעה חשודים נוספים בהצתת הפחים מול מעון רה""מ בירושלים","המשטרה מייחסת לחשודים עבירה של קשירת קשר לביצוע פשע כאשר על פי החשד הם התארגנו יחדיו לביצוע המעשה. היא תבקש להאריך את המעצר של שניים מהם, כאשר החשוד החמישי, עמוס דורון, עדיין מוחזק במעצר",חדשות|משפט ופלילים,6RPOTqn5_mjGZUpV.jpg,"מכונית שעלתה באש בעקבות הצתות הפחים והצמיגים ליד מעון ראש הממשלה בירושלים, לפני כשבועיים. צילום: אוליבייה פיטוסי",haaretz,2025-09-18T12:17:36+03:00,,בר פלג,haaretz,he,929158-5,2025-09-19T01:25:10.854263+00:00
vvRPGPQB6JiQNTDa,https://www.haaretz.co.il/sport/world-soccer/2025-09-18/ty-article-magazine/.premium/00000199-5954-d907-a5db-7df6f80b0000,ליברפול לא מפסיקה לנצח בתוספת הזמן. אבל כמה זמן זה עוד יכול להחזיק,"מול ברנלי שלף ארנה סלוט מערך התקפי קיצוני שהביא לליברפול ניצחון דרמטי, ואז חזר על המהלך גם מול אתלטיקו מדריד. זו גישה שמחדירה אמונה ומזכירה ימים ישנים אצל יורגן קלופ - אך גם מעלה שאלות על הגבולות של אלופת אנגליה",ספורט|כדורגל בעולם,vvRPGPQB6JiQNTDa.jpg,"וירג'יל ואן דייק חוגג את שער הניצחון של ליברפול על אתלטיקו מדריד, אתמול. הפך למחזה שחוזר על עצמו. צילום: AFP/OLI SCARFF",haaretz,2025-09-18T11:43:36+03:00,,האתלטיק,haaretz,he,119454,2025-09-19T01:25:10.854287+00:00
pIuBu-vyb1hhAV0S,https://www.haaretz.co.il/magazine/pinatlituf/2025-09-18/ty-article/.premium/00000199-5bf7-d0dc-afdb-dbf7f8df0000,פינת ליטוף,19.9.2025,סוף שבוע|פינת ליטוף,pIuBu-vyb1hhAV0S.jpg,"צילום: חשבונות האינסטגרם וה–X של מירי רגב, Israel Heritage Foundation, ניסים סטיב אללוף, משה בן זקן ו–5 tjt.com; עיבוד והנפשה: מאשה צור גלוזמן",haaretz,2025-09-18T11:37:55+03:00,,אילנה זפרן,haaretz,he,ribooa-musaf-643,2025-09-19T01:25:10.854311+00:00
_NJNPMAyIM3t4QKa,https://www.haaretz.co.il/magazine/famous/2025-09-18/ty-article/.premium/00000199-5bf5-d907-a5db-7ff7dede0000,"""יתד נאמן"": הסיליקון בחלב של תנובה כשר",הארץ,סוף שבוע|מן המפורסמות,_NJNPMAyIM3t4QKa.jpg,"צילום: חשבונות האינסטגרם וה–X של מירי רגב, Israel Heritage Foundation, ניסים סטיב אללוף, משה בן זקן ו–5 tjt.com; עיבוד והנפשה: מאשה צור גלוזמן",haaretz,2025-09-18T11:36:20+03:00,,מוסף הארץ,haaretz,he,mefursamot,2025-09-19T01:25:10.854336+00:00
6Q8W_GEpFA54eEhR,https://www.haaretz.co.il/magazine/haaretzlogicpuzzle/2025-09-18/ty-article-magazine/.premium/00000199-5bec-d907-a5db-7feed02a0000,"עושה שכל | תשבצי ""מוסף הארץ"" 19.9.2025",הארץ,סוף שבוע|תשבצי מוסף הארץ,6Q8W_GEpFA54eEhR.jpg,תשבצים,haaretz,2025-09-18T11:33:38+03:00,,"טומי שמיר, יורם הרועה, ירון רחמים, אורי בן-דור ורונן בן נחום",haaretz,he,1607650935,2025-09-19T01:25:10.854358+00:00
iJBwpc_nb7jHTvAc,https://www.haaretz.co.il/magazine/chess/2025-09-18/ty-article/.premium/00000199-5be2-d7ad-a1d9-5bfa76ab0000,הכרעה בסמרקנד,"לאחר מאבק מותח על שני מקומות בתחרות המועמדים, ננעלה תחרות ""גרנד סוויס"" (116 מתחרים) בניצחונו של אניש גירי ההולנדי בן ה–31, המדורג שביעי בתבל. הוא צבר 8 מ–11, וה",סוף שבוע|שחמט,iJBwpc_nb7jHTvAc.jpg,"צילום: חשבונות האינסטגרם וה–X של מירי רגב, Israel Heritage Foundation, ניסים סטיב אללוף, משה בן זקן ו–5 tjt.com; עיבוד והנפשה: מאשה צור גלוזמן",haaretz,2025-09-18T11:23:57+03:00,,ישראל שרנצל,haaretz,he,3865109922,2025-09-19T01:25:10.854381+00:00
JNdCXZDj9677w7pU,https://www.haaretz.co.il/news/law/2025-09-18/ty-article/.premium/00000199-5bc2-d907-a5db-7fe6cdb90000,"היועמ""שית: קריאה שלא לכבד צווים שיפוטיים היא קריאה לריסוק הדמוקרטיה","מלבד בהרב-מיארה, בטקס הפרישה של אלרון מהעליון נאם גם יצחק עמית, שאמר כי ""הרשות השופטת אינה רכושו של אף אדם"". אלרון קבע בפסק דינו האחרון כי יש לאפשר להורים ייצוג משפטי בוועדות המחליטות על הפרדת ילדים מהוריהם, והדגיש כי ""ציות לחוק חייב להיות נורמה המחייבת את מוסדות המדינה"". כעת העליון יישאר בהרכב חסר של 11 שופטים",חדשות|משפט ופלילים,JNdCXZDj9677w7pU.jpg,"כוחות במעבר אלנבי, היום. צילום: אוליבייה פיטוסי",haaretz,2025-09-18T11:23:42+03:00,,חן מענית,haaretz,he,whatsapp-image-2025-09-18-at-11-35-07-385d8945,2025-09-19T01:25:10.854403+00:00
-K9MomsOP1kEwzmA,https://www.haaretz.co.il/news/world/america/2025-09-18/ty-article/.premium/00000199-5bae-dc75-a1d9-5fee4b460000,"ברני סנדרס הפך לסנאטור הראשון שקורא לפעולות ישראל בעזה ""רצח עם""","הסנאטור העצמאי כתב בהצהרה שפרסם כי הסוגיה המשפטית בנוגע למונח תלויה בשאלת הכוונה, וציין כי ""הנהגת ישראל הבהירה את כוונתה. אם נתניהו ועמיתיו פושעי המלחמה לא יישאו באחריות, דמוגוגים אחרים יעשו את אותו דבר""",חדשות|אמריקה,-K9MomsOP1kEwzmA.jpg,"ברני סנדרס בגבעת הקפיטול, החודש. ""המונח עצמו, רצח עם, צמח מהשואה – הרצח של שישה מיליון יהודים"". צילום: Mariam Zuhaib/אי־פי",haaretz,2025-09-18T11:23:38+03:00,,בן סמואלס,haaretz,he,008766,2025-09-19T01:25:10.854431+00:00
P2Ek-t3hvABQbccT,https://www.haaretz.co.il/literature/tarbut-sifrot/2025-09-18/ty-article/.premium/00000199-5bc0-d45d-a3bf-fbc3f8070000,חברי הקיבוץ הם אנשים עם לבבות חולים,"שני ספרים חשובים בקורות הקיבוץ ראו אור עתה בצמידות זמנית מקרית. באחד, ""לב המקום"", ראיינה ענת אורנשטיין גנאור עשרות מחברי הקיבוץ נאות סמדר בערבה, ובאחר, ""לבנות יחד מחדש"", חקרה לילך ניישטט את יומנו של קיבוץ בוכנוולד, היום נצר סרני, שהחל להיכתב ב-1945 על־ידי קבוצת חלוצים יוצאי מחנה הריכוז בוכנוולד",ספרים|תרבות וספרות,P2Ek-t3hvABQbccT.jpg,"כוחות במעבר אלנבי, היום. צילום: אוליבייה פיטוסי",haaretz,2025-09-18T11:20:07+03:00,,מוקי צור,haaretz,he,5657567567576,2025-09-19T01:25:10.854454+00:00
4Fo3WwA0afWWRSBf,https://www.haaretz.co.il/opinions/2025-09-18/ty-article-opinion/.premium/00000199-5bc1-d907-a5db-7fe7a1eb0000,כהונת נתניהו היא שרשרת זוועות שנורמלו כדי להצדיק אחרות. גם 7 באוקטובר,"שאיפתו המדינית הגדולה של בנימין נתניהו, לפחות עד טבח 7 באוקטובר, היתה הנורמליזציה של ישראל עם העולם הערבי, ובראשו סעודיה. נוכח הפקרותו וכישלונו, המציאות בחרה בא",דעות,4Fo3WwA0afWWRSBf.jpg,"כוחות במעבר אלנבי, היום. צילום: אוליבייה פיטוסי",haaretz,2025-09-18T11:13:17+03:00,,אמנון הררי,haaretz,he,108031,2025-09-19T01:25:10.854476+00:00
_kmqgqrC1w8Q8FiK,https://www.haaretz.co.il/magazine/photosynthesis/2025-09-18/ty-article/.premium/00000199-5bdb-d7ad-a1d9-5bfb6f050000,פוטוסינתזה,"בנימין נתניהו בבית המשפט בתל אביב, 17.9.2025",סוף שבוע|פוטוסינתזה,_kmqgqrC1w8Q8FiK.jpg,"צילום: חשבונות האינסטגרם וה–X של מירי רגב, Israel Heritage Foundation, ניסים סטיב אללוף, משה בן זקן ו–5 tjt.com; עיבוד והנפשה: מאשה צור גלוזמן",haaretz,2025-09-18T11:12:11+03:00,,קרולינה לנדסמן,haaretz,he,caro,2025-09-19T01:25:10.854500+00:00
nI2Fqc4JUljT33tD,https://www.haaretz.co.il/food/sandwiches/breads/2025-09-18/ty-article-recipe/.premium/00000199-5269-dd9d-abbb-f26dd01d0000,מתוקה ורכה כמעט כמו בריוש: עוגת שמרים לראש השנה עם חמאת דבש,"בצק שמרים משובץ בחמאת דבש, שמתקפלת לשכבות עדינות ויוצרת בתחתית קרמל מתוק־מלוח. עוגת שמרים עגולה חגיגית שמסמלת התחלה מתוקה לשנה החדשה",אוכל|מחשבות על לחם,nI2Fqc4JUljT33tD.jpg,צילום: דודו בכר,haaretz,2025-09-18T10:48:38+03:00,,סער מור,haaretz,he,118577,2025-09-19T01:25:10.854526+00:00
a5vtYd77-LrlBVGI,https://www.haaretz.co.il/magazine/letters/2025-09-18/ty-article/.highlight/00000199-5828-dc75-a1d9-5f6ccd940000,"אם כל כך טוב, למה כל כך רע?","פרופ' מירב אהרון־גוטמן מספרת סיפור שבו המזרחים הם זקופי קומה, סוכני פעולה שמממשים בהווייתם זהות שלמה, ומאשימה את המחקר המזרחי שאותו היא מבקרת ב""סירוב לקבל פיסות",סוף שבוע|מכתבים למערכת,a5vtYd77-LrlBVGI.jpg,"צילום: חשבונות האינסטגרם וה–X של מירי רגב, Israel Heritage Foundation, ניסים סטיב אללוף, משה בן זקן ו–5 tjt.com; עיבוד והנפשה: מאשה צור גלוזמן",haaretz,2025-09-18T10:36:54+03:00,,"איתי הכהן, ניר נבו, חיים פרי וד""ר נירה פלדמן",haaretz,he,005473,2025-09-19T01:25:10.854551+00:00
QFXiFT-5JBaWtzlL,https://www.haaretz.co.il/literature/tarbut-sifrot/2025-09-18/ty-article/.premium/00000199-5bb7-d7ad-a1d9-5bff4a460000,פּוּס משחק. שיר מאת גלעד מאירי,לְדַמְיֵן אֵיךְ נִרְאֶה קִלְקוּל צוֹפָרִים,ספרים|תרבות וספרות,QFXiFT-5JBaWtzlL.jpg,"כוחות במעבר אלנבי, היום. צילום: אוליבייה פיטוסי",haaretz,2025-09-18T10:31:45+03:00,,גלעד מאירי,haaretz,he,865412,2025-09-19T01:25:10.854576+00:00
FXhyy0LBfhX13BcQ,https://www.haaretz.co.il/magazine/blacklist/2025-09-18/ty-article/.highlight/00000199-5829-d0dc-afdb-dabf26e90000,"מאי גולן, אין דרך לצאת מזה",נתניהו מבקש לצרוב בנו את התחושה שאין לנו דרך להשפיע על גורלנו. מאי גולן מייצגת בדיוק את זה,סוף שבוע|רשימה שחורה,FXhyy0LBfhX13BcQ.jpg,"צילום: חשבונות האינסטגרם וה–X של מירי רגב, Israel Heritage Foundation, ניסים סטיב אללוף, משה בן זקן ו–5 tjt.com; עיבוד והנפשה: מאשה צור גלוזמן",haaretz,2025-09-18T10:27:31+03:00,,אלון עידן,haaretz,he,089162,2025-09-19T01:25:10.854599+00:00
jF1Ze5vhbE9AagLe,https://www.haaretz.co.il/wellbeing/health-blogs/psychology/amaliarosenblum/2025-09-18/ty-article-magazine/00000199-571c-d7ad-a1d9-577cd5310000,התסמונות החדשות של הנפש הישראלית,"תסמונת הדייר הנטוש, תסמונת ההורה הקדם־צבאי ותסמונת ה""כן־לא־שחור־לבן"" הן לא רק הפרעות פרטיות אלא מסמנות את הפסיכולוגיה הקולקטיבית שהתעצבה תחת שלטון סמכותני ומלחמת נצח. כך תזהו את התסמינים",לחיות נכון|תיאוריית הקשר,jF1Ze5vhbE9AagLe.jpg,הפגנה באיילון נגד הממשלה. שנתיים של מלחמה עיצבו מחדש גם את הפסיכולוגיה הישראלית. צילום: תומר אפלבאום,haaretz,2025-09-18T10:26:09+03:00,,עמליה רוזנבלום,haaretz,he,170693-2,2025-09-19T01:25:10.854620+00:00
x-4-sUwuojsc2k8E,https://www.haaretz.co.il/literature/tarbut-sifrot/2025-09-18/ty-article/.premium/00000199-5baf-d45d-a3bf-fbef17c90000,"חַפֵּשׂ בְּבַקָּשָׁה בִּפְנִים, בַּסֵּפֶר שֶׁנָּתַתָּ",איך עושים ספוג. שיר מאת אדמיאל קוסמן,ספרים|תרבות וספרות,x-4-sUwuojsc2k8E.jpg,"כוחות במעבר אלנבי, היום. צילום: אוליבייה פיטוסי",haaretz,2025-09-18T10:24:44+03:00,,אדמיאל קוסמן,haaretz,he,104996,2025-09-19T01:25:10.854642+00:00
pFhX_g1yw-1Km2hM,https://www.haaretz.co.il/family/shiriraz/2025-09-18/ty-article/.premium/00000199-4cb2-d6e0-a7fb-cffa58f50000,"בסוף אשתך מחליטה? תתפלא, לפעמים היא היתה רוצה שאתה תחליט","בזוגיות לרוב יש צד אחד שמנהל את הבית ואת המשפחה. מדוע זה קורה, ואיך ניתן לצאת ממעגל הרסני שבו צד אחד תמיד לוקח את המושכות והצד השני מוותר מראש",משפחה|נפש חיה,pFhX_g1yw-1Km2hM.gif,"בסוף, הצד המנהל בזוגיות לא באמת חושב שהוא תמיד צודק. להפך, יש בו כמיהה עמוקה לשחרר. איור: הגר ורטהים",haaretz,2025-09-18T10:20:58+03:00,,שירי רז,haaretz,he,untitled-artwork,2025-09-19T01:25:10.854676+00:00
iCu37YsddjvFZZ4e,https://www.haaretz.co.il/haaretzabroad/2025-09-18/ty-article-magazine/.premium/00000199-5094-d8a5-a7bd-f39f6e6a0000,"אני לא באמת יכולה למחות כאן, ורחוקה מכדי להפגין בישראל","לצרפתים נדבק דימוי של ""קוּטרים"" שלא מפסיקים להתלונן ואף פעם לא מרוצים. אבל ההיסטוריה הוכיחה ש""קיטורים"" בצרפת יודעים גם לייצר תוצאות | ""הארץ"" מחוץ לארץ","""הארץ"" מחוץ לארץ",iCu37YsddjvFZZ4e.jpg,"כוחות במעבר אלנבי, היום. צילום: אוליבייה פיטוסי",haaretz,2025-09-18T10:18:13+03:00,,מאיה יופה,haaretz,he,blogimmayagrenoble-promotion16-9,2025-09-19T01:25:10.854702+00:00
vI1NTwgJESJUGs4B,https://www.haaretz.co.il/literature/tarbut-sifrot/2025-09-18/ty-article/.premium/00000199-5ba3-d7ad-a1d9-5bfbc02d0000,שבע דלתות,סיפורון קצרצר מאת אלכס אפשטיין,ספרים|תרבות וספרות,vI1NTwgJESJUGs4B.jpg,"כוחות במעבר אלנבי, היום. צילום: אוליבייה פיטוסי",haaretz,2025-09-18T10:11:43+03:00,,אלכס אפשטיין,haaretz,he,826446,2025-09-19T01:25:10.854727+00:00
S37qlXO1El8UmVmL,https://www.haaretz.co.il/gallery/cinema/movie-reviews/2025-09-18/ty-article-review/.premium/00000199-5b9e-d907-a5db-7ffeeb5b0000,"""בוזגלוס: הקרב על הירושה"": מתקשים לכבוש את המסך הגדול","הסרט ""בוזגלוס: הקרב על הירושה"" של כוכבי סדרת הדוקו־ריאליטי המצליחה נראה כמו טיול משפחתי עם עלילה שמתאימה לפסטיגל",תרבות|ביקורת סרטים,S37qlXO1El8UmVmL.jpg,"נואה ויילי בסדרה ""הפיט"". תפנית מעניינת בטלוויזיה. צילום: Warrick Page/אי־פי",haaretz,2025-09-18T10:08:19+03:00,,אורון שמיר,haaretz,he,63099453,2025-09-19T01:25:10.854749+00:00
rtecaaITNMI-MYd_,https://www.haaretz.co.il/literature/tarbut-sifrot/2025-09-18/ty-article/.premium/00000199-5b83-d907-a5db-7fe79adf0001,"רמזור אדום, עורב על ספסל","עם עמוס בידרמן, צייר נוף אורבני וקריקטוריסט ארסי",ספרים|תרבות וספרות,rtecaaITNMI-MYd_.jpg,"כוחות במעבר אלנבי, היום. צילום: אוליבייה פיטוסי",haaretz,2025-09-18T10:03:28+03:00,,אברהם בלבן,haaretz,he,668481,2025-09-19T01:25:10.854794+00:00
SxuZ-nWon8tAo1jS,https://www.haaretz.co.il/food/cooking-for-shabbat/2025-09-18/ty-article-magazine/0000017f-f477-d044-adff-f7ff98db0000,סוגרים שבוע עם טעם טוב בפה: מתכונים לארוחת שישי,"חלה לשבת בהשראת ארז קומרובסקי או מפרום כרובית, סלט רימונים או עוף בסילאן, פקיילה דגים או גיבץ' מודרני, עוגיות או שטרודל - 25 מתכונים שיגרמו לכם לרצות להישאר בבית",אוכל|מתכונים לשבת,SxuZ-nWon8tAo1jS.jpg,המפרום הראשון שלי. צילום: אנטולי מיכאלו,haaretz,2025-09-18T10:00:00+03:00,,רותם מימון,haaretz,he,2117166916,2025-09-19T01:25:10.854819+00:00
3SRSjuvAJE_k7rfp,https://www.haaretz.co.il/news/world/2025-09-18/ty-article/.premium/00000199-5940-d907-a5db-7de6a6bd0000,"משתתפים באליפות העולם רימו, וקהילת מקפיצי האבנים סוערת","בכל שנה משתתפים מאות בתחרות באי סלעי וסחוף רוחות אל מול חופה המערבי של סקוטלנד. השנה כמה מהם רימו, עשו שימוש באבנים שמקורן אינו בעיר - והודו מיד כשנתפסו. ""זה רק מראה עד כמה משתוקקים לזכות בתואר הזה"", אמר אחד המארגנים",חדשות|בעולם,3SRSjuvAJE_k7rfp.jpg,"אליפות העולם בהקפצת אבנים באיסדייל, החודש. רעיון שהחל בפאב. צילום: Kirsty Mclellan / NYT",haaretz,2025-09-18T09:56:29+03:00,,ניו יורק טיימס,haaretz,he,116510,2025-09-19T01:25:10.854854+00:00
krGX4jwV3RExE720,https://www.haaretz.co.il/magazine/2025-09-18/ty-article-magazine/.highlight/00000199-578a-d7b3-a599-ffaf83b20000,גדולי המומחים בעולם הגיעו לדיונים סגורים כדי להיערך ליום שאחרי נתניהו,"איך משקמים מדינה אחרי שהשלטון זרע הרס בכל חלקה טובה? מתברר שבקרב חוקרים יש מי שקורא לגל טיהורים במערכות הציבוריות, ואם צריך — אפילו להפרה של החוק",סוף שבוע,krGX4jwV3RExE720.jpg,"מפגין בדמות נתניהו מחוץ לבית משפט המחוזי בתל אביב, השבוע. צילום: מוטי מילרוד",haaretz,2025-09-18T09:55:37+03:00,,איתי משיח,haaretz,he,094392,2025-09-19T01:25:10.854879+00:00
zIcqCXO3db887s6N,https://www.haaretz.co.il/gallery/cinema/movie-reviews/2025-09-18/ty-article-review/.premium/00000199-5b83-dc75-a1d9-5fcffd9e0000,"""הזדמנות שנייה"" עושה חשק להירשם לחוג דרמה","""הזדמנות שנייה"", סרט דל תקציב אמריקאי, מצליח בעדינות ובאפקטיביות לדון בחשיבותה של האמנות בחיי היומיום שלנו ובתפקידה כמגשרת בין סכסוכים חיצוניים ופנימיים",תרבות|ביקורת סרטים,zIcqCXO3db887s6N.jpg,"נואה ויילי בסדרה ""הפיט"". תפנית מעניינת בטלוויזיה. צילום: Warrick Page/אי־פי",haaretz,2025-09-18T09:40:47+03:00,,פבלו אוטין,haaretz,he,123105,2025-09-19T01:25:10.854903+00:00
kBFnJdXsNYzPGuxl,https://www.haaretz.co.il/news/world/america/2025-09-18/ty-article/.premium/00000199-5b4f-d907-a5db-7fef475d0000,"בית משפט בארה""ב הורה לגרש את הפעיל הפרו־פלסטיני מחמוד חליל בטענה שהסתיר מידע בטופס הוויזה שלו","השופטת ציינה בהחלטה כי הפעיל ""הציג בכוונה מצג שווא של העובדות כדי להתחמק מתהליך ההגירה וכדי להפחית את הסיכוי שבקשתו תידחה"". חליל: ממשל טראמפ ממשיך לנקום בי על כך שאני מממש את חופש הביטוי",חדשות|אמריקה,kBFnJdXsNYzPGuxl.jpg,"מחמוד חליל מדבר עם עיתונאים בניוארק, ניו ג'רזי, אחרי ששוחרר ממעצר, ביוני. צילום: AFP/KENA BETANCUR",haaretz,2025-09-18T09:35:15+03:00,,איתן נצ'ין,haaretz,he,121966,2025-09-19T01:25:10.854925+00:00
vZ7oa4IdvC-s41Vc,https://www.haaretz.co.il/magazine/2025-09-18/ty-article-magazine/.highlight/00000199-5702-d0dc-afdb-d7b763570000,"מירי רגב מציגה: שבועיים של טיול מחוף לחוף בארה""ב על חשבון הציבור",ספק אם אי פעם נראתה נסיעה כזו של שר בישראל,סוף שבוע,vZ7oa4IdvC-s41Vc.gif,"צילום: חשבונות האינסטגרם וה–X של מירי רגב, Israel Heritage Foundation, ניסים סטיב אללוף, משה בן זקן ו–5 tjt.com; עיבוד והנפשה: מאשה צור גלוזמן",haaretz,2025-09-18T09:31:00+03:00,,אורי משגב,haaretz,he,musaf-miriregevgoesamerica-17-09-2025-mirigoesamerica-promotion,2025-09-19T01:25:10.854950+00:00
X3hQwBpBNSwINyEF,https://www.haaretz.co.il/news/law/2025-09-18/ty-article/.premium/00000199-56d3-d7ad-a1d9-56fba0710000,"השופט שרצה להיות נשיא העליון פורש, ולא בטוח שזו התחנה האחרונה שלו","יוסף אלרון נודע ברגישותו החברתית ובהגנתו על זכויות חשודים ונאשמים. מצד אחר הוא התבלט בעמדת מיעוט שמרנית שאינה מתנגדת להפיכה המשטרית, והסתכסך עם עמיתיו השופטים. השופט שנכנס לעליון בלחץ איילת שקד ואפי נוה פורש היום מכס השיפוט, ומסתמן שהממשלה תשמח לקדמו לעמדות מפתח נוספות",חדשות|משפט ופלילים,X3hQwBpBNSwINyEF.jpg,"כוחות במעבר אלנבי, היום. צילום: אוליבייה פיטוסי",haaretz,2025-09-18T09:30:47+03:00,,חן מענית,haaretz,he,173833,2025-09-19T01:25:10.854974+00:00
1r8n4ImQApferFa6,https://www.haaretz.co.il/magazine/on-the-line/2025-09-18/ty-article/.highlight/00000199-5721-d865-a3bb-7fadb9c20000,"למה את לא מפרסמת דוח על פשעי מלחמה מ–48'? ""לא רוצה להמשיך לדבר איתך""",על הקו עם רותי אברמוביץ',סוף שבוע|על הקו,1r8n4ImQApferFa6.jpg,"צילום: חשבונות האינסטגרם וה–X של מירי רגב, Israel Heritage Foundation, ניסים סטיב אללוף, משה בן זקן ו–5 tjt.com; עיבוד והנפשה: מאשה צור גלוזמן",haaretz,2025-09-18T09:30:01+03:00,,ניר גונטז',haaretz,he,63067968,2025-09-19T01:25:10.854998+00:00
m9JFvLrfwS82jijO,https://www.haaretz.co.il/gallery/music/selective-hearing/2025-09-18/ty-article-magazine/.highlight/00000199-5320-d184-afff-773059a00000,"ערן צור, וכל היתר: לא היה קשה לבחור הפעם את אלבום השנה","עם תזרים רגשות מנוגדים-משלימים, האלבום ""סימנים מקדימים"" של ערן צור בלט מעל כולם. וגם: 20 השירים הכי טובים של תשפ""ה",תרבות|שמיעה סלקטיבית,m9JFvLrfwS82jijO.jpg,ערן צור. הפעם לא היתה תחרות. צילום: אורית פניני,haaretz,2025-09-18T09:20:27+03:00,,בן שלו,haaretz,he,63053623,2025-09-19T01:25:10.855023+00:00
2CtJZslOB6TEzilE,https://www.haaretz.co.il/blogs/mitvim/2025-09-18/ty-article-magazine/00000199-5136-d8a5-a7bd-f33f76eb0000,השאיפה לעבור מהסלמה אזורית להסדרה מאחדת את מתנגדי ממשלת נתניהו,"מדד עדכני של מכון מיתווים מלמד כי רוב הישראלים, לרבות מי שמגדירים עצמם כמרכז הנוטה לימין, מעדיפים יוזמות מדיניות על פני המשך לחימה",בלוגים|מכון מיתווים,2CtJZslOB6TEzilE.jpg,"תושבים רצים למצוא מחסה בזמן תקיפת צה""ל בעיר עזה, החודש. האמונה שניתן לעצב מחדש את מפת המזרח התיכון תוך שימוש בכוח צבאי בלבד מנחה את מדיניות הממשלה. צילום: Yousef Al Zanoun/אי־פי",haaretz,2025-09-18T09:04:16+03:00,,מכון מיתווים - מדיניות החוץ האזורית של ישראל,haaretz,he,274583,2025-09-19T01:25:10.855052+00:00
QckIRi1adWwpahIn,https://www.haaretz.co.il/news/politics/2025-09-18/ty-article/.premium/00000199-5b54-d45d-a3bf-fb5709240000,"ראשי שב""כ לשעבר נגד מינוי זיני: ""חשש שיופעל ע""י נתניהו שלא בהתאם לחוק""","ועדת גרוניס התכנסה היום לדון במינויו של דוד זיני לראש שב""כ, אך התפזרה כעבור זמן קצר בשל סיבות אישיות של אחד מחבריה והיא צפויה להתכנס שוב ביום ראשון. היועצת המשפטית לממשלה תעביר לוועדה חוות דעת שבה תצביע על קשיים במינויו. כרמי גילון: ""משמעות המינוי היא התפרקות שב""כ מבפנים וגרימת נזק בלתי הפיך, לדורות, לביטחון ישראל""",חדשות|מדיני ביטחוני,QckIRi1adWwpahIn.jpg,"כוחות במעבר אלנבי, היום. צילום: אוליבייה פיטוסי",haaretz,2025-09-18T09:02:21+03:00,,חן מענית,haaretz,he,662136,2025-09-19T01:25:10.855080+00:00
Z7bqVeqLuQNsHjBA,https://www.haaretz.co.il/magazine/2025-09-18/ty-article-magazine/.highlight/00000199-5787-dc75-a1d9-57cf5b7a0000,מה קורה כש-145 גברים נתקעים על אי בודד בלי מזון? קורים דברים איומים,"הסופר דיוויד גראן צלל אל היומנים שהשאירו אחריהם מלחים בני המאה ה-18, וגילה מה קורה לאנשים כשהם נקלעים למצב קיצון",סוף שבוע,Z7bqVeqLuQNsHjBA.jpg,צילום: Rawpixel.com / Shutterstock,haaretz,2025-09-18T09:00:16+03:00,,יאנה פבזנר,haaretz,he,085033,2025-09-19T01:25:10.855108+00:00
zo3M6gZkl6AsaE0_,https://www.haaretz.co.il/magazine/2025-09-18/ty-article/.highlight/00000199-5771-dc75-a1d9-577ddcac0000,האם נתניהו יודע מה עלה בגורלו של מלך ספרטה?,"המרחק בין ספרטה לאתונה הוא כ–170 ק""מ, כמרחק שבין תל אביב לדישון ובין תל אביב לכישור. את אתונה אנו זוכרים בזכות אפלטון, סוקרטס, אריסטו, סופוקלס, אוריפידס. ובזכות",סוף שבוע,zo3M6gZkl6AsaE0_.jpg,"צילום: חשבונות האינסטגרם וה–X של מירי רגב, Israel Heritage Foundation, ניסים סטיב אללוף, משה בן זקן ו–5 tjt.com; עיבוד והנפשה: מאשה צור גלוזמן",haaretz,2025-09-18T08:43:28+03:00,,אביגדור פלדמן,haaretz,he,63085405,2025-09-19T01:25:10.855132+00:00
46CIBYGPYkjh6DEi,https://www.haaretz.co.il/gallery/galleryfriday/2025-09-18/ty-article-magazine/.premium/00000199-5244-d907-a5db-77e64c350000,"בקולנוע, בטלוויזיה ובספרות כולם בוגדים, וזה אפילו בסדר. ובחיים עצמם?","מ""מאדאם בובארי"" ועד ""הלוטוס הלבן"", התרבות משנה את היחס שלה לבגידות. טבע האדם לא",תרבות|מגזין תרבות,46CIBYGPYkjh6DEi.jpg,"נואה ויילי בסדרה ""הפיט"". תפנית מעניינת בטלוויזיה. צילום: Warrick Page/אי־פי",haaretz,2025-09-18T08:42:39+03:00,,יאנה פבזנר,haaretz,he,63068249,2025-09-19T01:25:10.855155+00:00
ZctE99XeTj2LIupA,https://www.haaretz.co.il/magazine/2025-09-18/ty-article-magazine/.highlight/00000199-578b-dc75-a1d9-57cff86e0000,לאכלן מרדוק יורש אימפריה עם כוח בלתי נתפס. לאן ייקח את אמריקה? יש סיבות לדאגה,"אחרי שנים של מלחמות בין רופרט מרדוק לילדיו, מאבק הירושה הוכרע: אימפריית התקשורת העולמית שהמליכה את טראמפ תעבור לידיו של לאכלן, הבן המועדף. מי האיש?",סוף שבוע,ZctE99XeTj2LIupA.jpg,"לאכלן מרדוק. כמו אביו, קשר קשרים עם פוליטיקאים כדי לזכות ביחס מלטף מהממשל. צילום: Mike Cohen/NYT",haaretz,2025-09-18T08:34:53+03:00,,נתנאל שלומוביץ,haaretz,he,064254,2025-09-19T01:25:10.855179+00:00
12MpdlEM0gIOMF2G,https://www.haaretz.co.il/sport/news/2025-09-18/ty-article-live/00000199-5b4b-d7ad-a1d9-5b7b13610000,"חדשות ספורט, 18 בספטמבר","ראול אסנסיו יעמוד לדין בחשד ששיתף סרטון מיני שבו מעורבת קטינה. ההתאחדות לכדורגל: בוטל רישום השחקניות שטענו שחתימתן זויפה על ידי רמה""ש. ז'וזה מורינו חזר לבנפיקה בחוזה עד 2027: ""אני אחיה עבור השליחות שלי""",ספורט|חדשות ספורט,,,haaretz,2025-09-18T08:34:00+03:00,,"כתבי ""ספורט הארץ""",haaretz,he,,2025-09-19T01:25:10.855203+00:00
Jl63jlg0ayVsQ3NY,https://www.haaretz.co.il/gallery/galleryfriday/2025-09-18/ty-article-magazine/.highlight/00000199-51cb-d65c-a9f9-d5df3f1c0000,המלחמה חיסלה למסעדן אבישי בן ארוש את העסק והנפש. עכשיו הוא קם מההריסות,"בין סבב מילואים אחד לשני, אבישי בן ארוש סגר את ""לה סיטה"" והפך לאב. כעת הוא פותח מקום חדש ומספר על החיים עם פוסט-טראומה",תרבות|מגזין תרבות,Jl63jlg0ayVsQ3NY.jpg,אבישי בן ארוש. אחרי 325 ימי מילואים החליט שהוא לא יכול עוד. צילום: אורית פניני,haaretz,2025-09-18T08:32:59+03:00,,רותם מימון,haaretz,he,945821,2025-09-19T01:25:10.855224+00:00
2BRJhCTqB-WYQKsC,https://www.haaretz.co.il/gallery/television/lazy-eye/2025-09-18/ty-article-magazine/.highlight/00000199-52da-d907-a5db-77fed8930000,"העונה האחרונה של ""האחיין שלי בנץ"" היא הדבר הכי טוב ששודר בישראל השנה","""האחיין שלי בנץ"" היא אולי הקומדיה הגדולה האחרונה שנוצרה כאן, וזה לא משנה שהיא מיועדת לנוער",תרבות|עין עצלה,2BRJhCTqB-WYQKsC.jpg,"חן רוטמן ב""האחיין שלי בנץ"". התגלית הכי גדולה בסדרה. צילום: צילום מסך כאן 11 חינוכית",haaretz,2025-09-18T08:07:18+03:00,,ניב הדס,haaretz,he,63055975,2025-09-19T01:25:10.855248+00:00
Be-dWOgkfZlRSt-H,https://www.haaretz.co.il/food/restaurants-reviews/2025-09-18/ty-article-magazine/.highlight/00000199-5710-d907-a5db-77f6f0740000,"כשהכל רע לתפארת, לפחות זו הייתה שנת מסעדנות נהדרת","בעולם השפים והמסעדנים בלטו השנה שלוש תופעות: הבריחה לפריפריה, היעלמות המטבח הערבי העילי וכמובן - התגברות הכשרות. סיכום תשפ""ה",אוכל|ביקורת מסעדות,Be-dWOgkfZlRSt-H.jpg,מסעדת השנה: רובע א' האדירה של אביתר מלכה. צילום: בן יוסטר,haaretz,2025-09-18T08:00:18+03:00,,שגיא כהן,haaretz,he,63008410,2025-09-19T01:25:10.855271+00:00
zMEKgJzFaKqnEdpK,https://www.haaretz.co.il/gallery/television/tv-review/2025-09-18/ty-article-review/.highlight/00000199-5b28-d45d-a3bf-fb6b365d0000,"""הפיט"": הזוכה המפתיעה של טקס האמי לוחצת על כל הכפתורים הנכונים","סוד הצלחתה של ""הפיט"", שזכתה השבוע באמי לדרמה הטובה ביותר, לא טמון רק בנוסטלגיה. מפרק לפרק הסדרה מגבשת לעצמה זהות מובחנת ומהדהדת נושאים אקטואליים באמריקה של 2025",תרבות|ביקורת טלוויזיה,zMEKgJzFaKqnEdpK.jpg,"נואה ויילי בסדרה ""הפיט"". תפנית מעניינת בטלוויזיה. צילום: Warrick Page/אי־פי",haaretz,2025-09-18T07:56:45+03:00,,חן חדד,haaretz,he,63098444,2025-09-19T01:25:10.855294+00:00
